Incident-id,Date(dd/mm/yr),Animal,village,District,State,Victim age,Victim outcome,Incident details,Source url,Unnamed: 10,Unnamed: 11,Unnamed: 12,Unnamed: 13,Unnamed: 14,Unnamed: 15,Unnamed: 16,Unnamed: 17,Unnamed: 18,Unnamed: 19,Unnamed: 20,Unnamed: 21,Unnamed: 22,Unnamed: 23,Unnamed: 24,Unnamed: 25,Unnamed: 26,Unnamed: 27,Unnamed: 28,Unnamed: 29,Unnamed: 30,Unnamed: 31,Unnamed: 32,Unnamed: 33,Unnamed: 34,Unnamed: 35,Unnamed: 36,Unnamed: 37,Unnamed: 38,Unnamed: 39,Unnamed: 40,Unnamed: 41,Unnamed: 42,Unnamed: 43,Unnamed: 44,Unnamed: 45,Unnamed: 46,Unnamed: 47,Unnamed: 48,Unnamed: 49,Unnamed: 50,Unnamed: 51,Unnamed: 52,Unnamed: 53,Unnamed: 54,Unnamed: 55,lat,lon,elevation,dist_water,dist_forest,dist_village
1,07-09-25,leopard,panchela,Nashik,Maharastra,10yr,Dead,The leopard attacked the boy and dragged him to the maze field.,https://timesofindia.indiatimes.com/city/nashik/10-year-old-killed-in-leopard-attack-in-sinnar/articleshow/123772521.cms,,,,,,,,,,,,,,,,,,,,,,,,,,,,,,,,,,,,,,,,,,,,,,,19.959202287242235,73.82879063545505,302,1186,1139,1498
2,05-09-25,leopard,kandrawali,nagina dehat,Uttar pradesh,10yr,Dead,The leopard attacked the girl and dragged her to the sugarcane  field.,"UP Leopard attack | UP: Leopard kills young girl in Bijnor village, dragged to field while fetching milk - Telegraph India",,,,,,,,,,,,,,,,,,,,,,,,,,,,,,,,,,,,,,,,,,,,,,,29.32968689093656,78.1018755573945,635,1903,190,851
3,27/08/25,leopard,kuthabari,jalpaiguri,West bengal,12yr,Dead,The leopard suddenly pounced and dragged him into a farm,Leopard attack | Leopard mauls 12-year-old schoolboy to death while out in search of calf - Telegraph India,,,,,,,,,,,,,,,,,,,,,,,,,,,,,,,,,,,,,,,,,,,,,,,26.537601520482117,88.7122011187888,470,1570,252,1687
4,02-09-25,leopard,ramdaswali,bijnor,Uttar pradesh,6yr,Dead,The leopard hiding in sugarcane field atacked him,"Leopard mauls 6yo boy to death, 33rd victim since 2023 in Bijnor | Meerut News - The Times of India",,,,,,,,,,,,,,,,,,,,,,,,,,,,,,,,,,,,,,,,,,,,,,,29.332462313412385,78.11817547595616,306,2539,980,1931
5,04-09-25,Tiger,pathri,chandrapur,Maharastra,74yr,Dead,The man was wedding in the field when th tiger pounced on him and dragged him away,Tiger mauls farmer to death in Chandrapur | Nagpur News - The Times of India,,,,,,,,,,,,,,,,,,,,,,,,,,,,,,,,,,,,,,,,,,,,,,,20.008374072630644,79.2810102062233,271,613,927,689
6,22/08/25,Tiger,narni,sitapur,Uttar pradesh,24yr,Dead,The man was attacked by the tiger when he went to his feild to fetch podder,"After two deaths in 14 days, Sitapur tiger remains elusive | Lucknow News - The Times of India",,,,,,,,,,,,,,,,,,,,,,,,,,,,,,,,,,,,,,,,,,,,,,,27.604345541317556,80.65060602505274,220,1341,1184,1698
9,09-08-25,leopard,badade,Nashik,Maharastra,75yr,Dead,The woman was working in a farm when the leopard attacked her,Elderly woman killed in leopard attack in Dindori village | Nashik News - Times of India,,,,,,,,,,,,,,,,,,,,,,,,,,,,,,,,,,,,,,,,,,,,,,,20.002615371526215,73.80161343742992,321,1686,1279,379
11,03-08-25,leopard,mainipurva,kheri,Uttar pradesh,77yr,Dead,The women was dragged to sugarcanefield by the leopard,"Leopard enters home, kills 77yo woman; 2nd fatal attack in week | Bareilly News - Times of India",,,,,,,,,,,,,,,,,,,,,,,,,,,,,,,,,,,,,,,,,,,,,,,27.94489643736502,80.73694145353254,666,748,1346,1568
14,28/07/25,leopard,gaurapipra,bahraich,Gujarat,14yr,Dead,She went to field when a hiding leopard pounced on her,Leopard kills teen girl in Bahraich | Lucknow News - Times of India,,,,,,,,,,,,,,,,,,,,,,,,,,,,,,,,,,,,,,,,,,,,,,,27.607240914032165,81.59222459129096,414,2210,127,1952
15,27/07/25,leopard,gyanpur,kheri,Uttar pradesh,6yr,Dead,While he was sleeping in a field with his father and later he was found missing and then found dead from a leopard attack,"Leopard snatches 6yo boy, eats parts of body in Kheri | Bareilly News - Times of India",,,,,,,,,,,,,,,,,,,,,,,,,,,,,,,,,,,,,,,,,,,,,,,27.976036079234646,80.75160196847222,530,51,17,956
17,11-10-24,leopard,malkapur,bijnor,Uttar pradesh,8yr,Dead,The leopard attacked her while she  was collecting fodder along her mother,Eight-year-old girl killed in leopard attack in Uttar Pradesh's Bijnor,,,,,,,,,,,,,,,,,,,,,,,,,,,,,,,,,,,,,,,,,,,,,,,29.33679042738176,78.1421864750022,658,691,565,690
18,05-10-24,leopard,shardanagar,kheri,Uttar pradesh,12yr,Dead,He and his father were passing through a sugarcane field when the leopard hidding in the field attacked the boy,Two children killed in separate incidents in suspected leopard attacks in Uttar Pradesh's Lakhimpur Kheri,,,,,,,,,,,,,,,,,,,,,,,,,,,,,,,,,,,,,,,,,,,,,,,27.98628482152424,80.81444698850697,287,2317,569,1450
19,27/08/23,leopard,shahpur,bijnor,Uttar pradesh,60yr,Dead,She had gone to the forest to get fodder and later was found dead,https://www.deccanherald.com/india/uttar-pradesh/elderly-woman-dies-in-leopard-attack-in-uttar-pradesh-2662758,,,,,,,,,,,,,,,,,,,,,,,,,,,,,,,,,,,,,,,,,,,,,,,29.355427256825017,78.09306302678579,572,1639,1346,1636
20,16/05/25,leopard,sansarpur,bijnor,Uttar pradesh,52yr,Dead,He was returning home when a leopard appeared from fields near his home,UP Leopard Attack: Farmer Killed by Leopard in Bijnor's Sansarpur Village,,,,,,,,,,,,,,,,,,,,,,,,,,,,,,,,,,,,,,,,,,,,,,,29.328373921776905,78.14232343186376,299,904,685,1291
21,23/08/24,leopard,jalalpur hasna,bijnor,Uttar pradesh,45yr,Dead,While he was working in his farm,Leopard kills farmer in Uttar Pradesh's Bijnor,,,,,,,,,,,,,,,,,,,,,,,,,,,,,,,,,,,,,,,,,,,,,,,29.414299225608335,78.16680930445324,330,1809,625,1858
22,29/09/24,Tiger,bhadaiya,kheri,Uttar pradesh,40yr,Dead,He was attacked by the tiger which was hiding in the sugarcane field,Uttar Pradesh man critically injured in tiger attack,,,,,,,,,,,,,,,,,,,,,,,,,,,,,,,,,,,,,,,,,,,,,,,27.9267650922563,80.77540040856356,508,2482,1311,1600
26,19/05/25,leopard,nimgaon swara,pune,Maharastra,35yr,injured,He was attacked while  he was at his farm with his family during night,Four injured in two separate leopard attacks in Junnar   | Hindustan Times,,,,,,,,,,,,,,,,,,,,,,,,,,,,,,,,,,,,,,,,,,,,,,,18.555403645971463,73.81350760752909,543,1711,853,1440
28,06-01-20,leopard,bhogpur,bijnor,Uttar pradesh,14yr,Dead,He was waling through sugarcane field when the leopard pounced on him and dragged and killed him,https://www.ndtv.com/india-news/leapord-that-killed-teen-5-others-in-up-shot-dead-by-angry-villagers-2159828,,,,,,,,,,,,,,,,,,,,,,,,,,,,,,,,,,,,,,,,,,,,,,,29.412476620464627,78.08315665698304,691,1203,961,1191
30,31/12/24,leopard,dindori,Nashik,Maharastra,8yr,injured,When was in the farm accompaning her mother the                           l eopard ponced and dragged her,https://timesofindia.indiatimes.com/city/nashik/8-year-old-injured-in-leopard-attack-in-nashiks-dindori/articleshow/116863268.cms,,,,,,,,,,,,,,,,,,,,,,,,,,,,,,,,,,,,,,,,,,,,,,,19.9865767244026,73.75103500357876,613,1126,154,1865
32,05-12-24,Tiger,pitesur,bhandara,Maharastra,60yr,Dead,He went to go fishing in his farm and later he was found dead,https://timesofindia.indiatimes.com/city/nagpur/tragic-tiger-attack-claims-life-of-bhandara-farmer/articleshow/116019561.cms,,,,,,,,,,,,,,,,,,,,,,,,,,,,,,,,,,,,,,,,,,,,,,,21.17668859885777,79.64094814891943,585,1757,489,1066
33,11-05-25,Tiger,chichpalli,chandrapur,Maharastra,65yr,Dead,When she was collecting leaves the tiger emerged and  attacked her,Woman dies in tiger attack in Chichpalli; hunt on for killer of 3 women day earlier | Nagpur News - Times of India,,,,,,,,,,,,,,,,,,,,,,,,,,,,,,,,,,,,,,,,,,,,,,,19.97719044631623,79.27931113628712,391,2827,1409,1579
34,26/03/25,Tiger,devipura-majhgaon,champawat,Uttarakhand,45yr,Dead,When she was collecting woods from the forest the tiger attacked her,Woman mauled to death in tiger attack in Champawat | Dehradun News - The Times of India,,,,,,,,,,,,,,,,,,,,,,,,,,,,,,,,,,,,,,,,,,,,,,,29.29999282399487,80.12829791549288,476,1745,784,284
35,05-01-25,leopard,baba purva,kheri,Uttar pradesh,45yr,injured,He was attacked by the leopard when he went with him family to guard the maze field,https://timesofindia.indiatimes.com/city/bareilly/man-45-injured-by-big-cat-in-kheri/articleshow/116971098.cms,,,,,,,,,,,,,,,,,,,,,,,,,,,,,,,,,,,,,,,,,,,,,,,27.980391376664585,80.75554000917829,360,1783,1127,396
36,04-01-25,leopard,dumera majhra,kheri,Uttar pradesh,14yr,Dead,He was attacked near his home,"Man, 45, injured by big cat in Kheri | Bareilly News - The Times of India",,,,,,,,,,,,,,,,,,,,,,,,,,,,,,,,,,,,,,,,,,,,,,,27.96767031472022,80.75580274116481,659,1489,1416,11
40,09-09-25,leopard,badiya,bijnor,Uttar pradesh,8yr,Dead,while his mother went to fetch water the leopard from sugarcane field attacked the boy,ClearedRains drive leopards into villages; 3 kids killed in a week | Meerut News - The Times of India,,,,,,,,,,,,,,,,,,,,,,,,,,,,,,,,,,,,,,,,,,,,,,,29.404187312489835,78.16036810902901,513,2344,245,1630
41,23/07/25,leopard,mandurai,bijnor,Uttar pradesh,7yr,Dead,She didn't return back after playing outside and was later found dead,https://timesofindia.indiatimes.com/city/meerut/leopard-kills-7-year-old-girl-in-bijnor-village/articleshow/122887982.cms,,,,,,,,,,,,,,,,,,,,,,,,,,,,,,,,,,,,,,,,,,,,,,,29.419387367521136,78.0846050592413,221,885,1199,1325
42,14/02/25, leopard,mukrampur,bijnor,Uttar pradesh,12yr,injured,She along with her mother went to collect fodder in sugarcane field when the leopard attacked her,https://timesofindia.indiatimes.com/city/meerut/girl-12-severely-injured-in-leopard-attack-in-bijnor/articleshow/118283888.cms,,,,,,,,,,,,,,,,,,,,,,,,,,,,,,,,,,,,,,,,,,,,,,,29.39521245774049,78.11270774724136,452,252,1062,1921
45,29/08/23,leopard,chandpur,bijnor,Uttar pradesh,30yr,Dead,He went to sugarcane field but didn't return,Leopard Attack: 30-yr-old farmer mauled to death by leopard in Bijnor | Agra News - Times of India,,,,,,,,,,,,,,,,,,,,,,,,,,,,,,,,,,,,,,,,,,,,,,,29.35202590619897,78.15991428698135,760,172,758,1276
46,17/11/24,Tiger,ganeshpur patli,chandrapur,Maharastra,72yr,Dead,He was attacked and dragged into nearby short shrubs,Tiger Attack Claims Life of Farmer in Chandrapur | Nagpur News - Times of India,,,,,,,,,,,,,,,,,,,,,,,,,,,,,,,,,,,,,,,,,,,,,,,19.979551736442,79.25795722424218,674,450,537,498
47,24/12/24,leopard,pimpalsuti,pune,Maharastra,4yr,Dead,The leopard hiding near her home pounced on her and dragged her to sugarcane field,4-year-old girl dies in leopard attack in Pune's Shirur taluka | Pune News - Times of India,,,,,,,,,,,,,,,,,,,,,,,,,,,,,,,,,,,,,,,,,,,,,,,18.530268340020832,73.85223274849382,258,816,920,753
48,10-05-25,Tiger,medhamal,chandrapur,Maharastra,55yr,Dead,She along other two went to forest tocollect tendu patta,Three Women Mauled To Death in Single Tiger Attack in Chandrapur | Nagpur News - Times of India,,,,,,,,,,,,,,,,,,,,,,,,,,,,,,,,,,,,,,,,,,,,,,,20.003940448791976,79.31589190892105,710,343,407,34
49,10-05-25,Tiger,medhamal,chandrapur,Maharastra,30yr,Dead,She along other two went to forest tocollect tendu patta,Three Women Mauled To Death in Single Tiger Attack in Chandrapur | Nagpur News - Times of India,,,,,,,,,,,,,,,,,,,,,,,,,,,,,,,,,,,,,,,,,,,,,,,19.97739915845101,79.31145015274514,675,2377,524,726
50,10-05-25,Tiger,medhamal,chandrapur,Maharastra,50yr,Dead,She along other two went to forest tocollect tendu patta,Three Women Mauled To Death in Single Tiger Attack in Chandrapur | Nagpur News - Times of India,,,,,,,,,,,,,,,,,,,,,,,,,,,,,,,,,,,,,,,,,,,,,,,19.983298629775835,79.31988768890668,389,2981,827,848
51,22/01/23,leopard,horalahalli,mysuru,Karnataka,11yr,Dead,He was found about a km away from the village,Boy killed in suspected leopard attack in Mysuru | Mysuru News - Times of India,,,,,,,,,,,,,,,,,,,,,,,,,,,,,,,,,,,,,,,,,,,,,,,12.324532324022499,76.67880881197267,762,247,902,89
55,31/12/22,Tiger,torgoan,chandrapur,Maharastra,60yr,Dead,She was working in her field when the tiger attacked her,Man-animal conflict claims another life; 2022 toll reaches 53 | Nagpur News - Times of India,,,,,,,,,,,,,,,,,,,,,,,,,,,,,,,,,,,,,,,,,,,,,,,19.942913201703043,79.29973704955682,766,1980,35,775
56,23/12/24,Tiger,kavitpeth,chandrapur,Maharastra,60yr,Dead,She was working in her field when the tiger attacked her,"Tiger kills woman in her farm, 29th death in wild animal attack in Chanda this year | Nagpur News - Times of India",,,,,,,,,,,,,,,,,,,,,,,,,,,,,,,,,,,,,,,,,,,,,,,19.91881466824009,79.31972344177521,443,2849,684,604
57,18/07/25,leopard,kalabari,jalpaiguri,West bengal,3yr,Dead,when the boy was sitting outside his home the leopard attacked him,Leopard kills boy in Kalabari tea estate | Kolkata News - Times of India,,,,,,,,,,,,,,,,,,,,,,,,,,,,,,,,,,,,,,,,,,,,,,,26.581285135769647,88.72335841342525,704,2241,19,1945
58,20/07/25,leopard,mewatpur,pilibhit,Uttar pradesh,50yr,injured,While she was suspecting her sugarcane crop,"Leopard, jackal injure 2 in separate incidents | Bareilly News - Times of India",,,,,,,,,,,,,,,,,,,,,,,,,,,,,,,,,,,,,,,,,,,,,,,28.683805878047945,79.80129029369715,330,658,320,969
59,09-06-25,Tiger,mewatpur,pilibhit,Uttar pradesh,33yr,Dead,Tiger atacked him,"Leopard, jackal injure 2 in separate incidents | Bareilly News - Times of India",,,,,,,,,,,,,,,,,,,,,,,,,,,,,,,,,,,,,,,,,,,,,,,28.655549674286434,79.80052511087791,684,1197,511,1625
61,16/09/25,Tiger,bhojhba,kheri,Uttar pradesh,65yr,injured,He along with his son was attacked while collecting fodder in the field, https://timesofindia.indiatimes.com/city/bareilly/father-son-injured-in-tiger-attack-in-kheri/articleshow/123927628.cms,,,,,,,,,,,,,,,,,,,,,,,,,,,,,,,,,,,,,,,,,,,,,,,27.968923417991885,80.72108883852452,220,236,399,1021
62,16/09/25,Tiger,bhojhba,kheri,Uttar pradesh,30yr,injured,He and his father were collecting fodder in field when the tiger prowling in an adjacent field attacked on them,https://timesofindia.indiatimes.com/city/bareilly/father-son-injured-in-tiger-attack-in-kheri/articleshow/123927628.cms,,,,,,,,,,,,,,,,,,,,,,,,,,,,,,,,,,,,,,,,,,,,,,,27.92678276923985,80.78930434211483,366,2561,653,417
63,14/09/25,leopard,issepur,bijnor,Uttar pradesh,36yr,Dead,She was collecting fodder from the field when leopard came from the nearby sugarcane field,"Woman killed by leopard in Bijnor, 4th victim in 12 days | India News - The Times of India",,,,,,,,,,,,,,,,,,,,,,,,,,,,,,,,,,,,,,,,,,,,,,,29.34659959628504,78.14356706260534,473,1844,971,114
64,18/09/25,leopard,gadbori,chandrapur,Maharastra,7yr,Dead,He was attacked and dragged away,"7-year-old boy killed by leopard, body recovered | Nagpur News - The Times of India",,,,,,,,,,,,,,,,,,,,,,,,,,,,,,,,,,,,,,,,,,,,,,,19.962689649513063,79.33988852460271,587,709,470,616
66,16/09/25,leopard,kherkata,jalpaiguri,West bengal,13yr,Dead,The boy had gone to get chips from a local store when the leopard attacked him,Leopard mauls Nagrakata boy; 3rd kill in less than 2 months | Kolkata News - The Times of India,,,,,,,,,,,,,,,,,,,,,,,,,,,,,,,,,,,,,,,,,,,,,,,26.567580580254827,88.72514002531486,515,2861,1166,1926
68,15/09/25,leopard,nandwal,bahraich,Uttar pradesh,70yr,injured,The leopard attacked her while she was drawing water from tap at her home,Bahraich villagers in fear as animal attacks rise | Lucknow News - The Times of India,,,,,,,,,,,,,,,,,,,,,,,,,,,,,,,,,,,,,,,,,,,,,,,27.58421370833059,81.60253818839382,213,2005,1115,1219
77,21/11/22,leopard,nausar gumtiha,bahraich,Uttar pradesh,10yr,Dead,She was collecting vegetables from the field when the leopard attacked her,Leopards Maul Two Children to Death in Separate Savage At... - Newsweek,,,,,,,,,,,,,,,,,,,,,,,,,,,,,,,,,,,,,,,,,,,,,,,27.58754012525334,81.5642358304217,441,2500,1377,825
82,22/10/20,leopard,bajwal,nainital,Uttarakhand,18yr,Dead,She was going to forest to fetch fodder when the leopard attacked her,"Teenager killed by leopard in Nainital, 2nd fatality in same area in 24 hours | Hindustan Times",,,,,,,,,,,,,,,,,,,,,,,,,,,,,,,,,,,,,,,,,,,,,,,29.35379473024682,79.43444804803511,545,1419,833,1524
83,21/10/20,leopard,tusrad,nainital,Uttarakhand,13yr,Dead,She was attacked by a man eater leopard,Leopard that killed 13-year-old girl in Uttarakhands Nainital declared man-eater | Hindustan Times,,,,,,,,,,,,,,,,,,,,,,,,,,,,,,,,,,,,,,,,,,,,,,,29.40231754642193,79.41305135314333,764,2036,726,1649
90,5-11-20,leopard,anegundi,koppal,Karnataka,24yr,Dead,He was atacked on his way back home,"Leopard attacks and kills 24-year-old temple cook in Karnataka, search on for big cat",,,,,,,,,,,,,,,,,,,,,,,,,,,,,,,,,,,,,,,,,,,,,,,15.383688954882876,76.17334656056322,539,1584,853,1516
91,16/10/20,leopard,anegundi,koppal,Karnataka,65yr,injured,She was attacked by leopard during her tour,"Leopard attacks and kills 24-year-old temple cook in Karnataka, search on for big cat",,,,,,,,,,,,,,,,,,,,,,,,,,,,,,,,,,,,,,,,,,,,,,,15.381842168754142,76.16701270592618,291,196,50,1098
97,5-1-20,leopard,vadgoan patole,pune,Maharastra,18yr,injured,When he was on his way to meet his father in farm,Youth injured in leopard attack in Khed taluka | Pune News - Times of India,,,,,,,,,,,,,,,,,,,,,,,,,,,,,,,,,,,,,,,,,,,,,,,18.49405292190181,73.82507214650612,566,2961,574,412
105,25/09/25,Elephant,Maruthamalai,coimbatore,Tamil nadu,55yr,Dead,He was attacked by a wild elephant that entered the farm,Man succumbs to injuries after elephant attack near Coimbatore - The Hindu,,,,,,,,,,,,,,,,,,,,,,,,,,,,,,,,,,,,,,,,,,,,,,,10.964162772026413,76.97311713168016,654,1784,1213,1399
109,24/07/25,Elephant,viraliyur,coimbatore,Tamil nadu,51yr,injured,when  the woman went to an area close to the boundary of Boluvampatti block III reserve forest ,Woman injured in elephant attack near Coimbatore - The Hindu,,,,,,,,,,,,,,,,,,,,,,,,,,,,,,,,,,,,,,,,,,,,,,,11.050751656006998,76.93194311548017,627,1893,1148,1443
110,26/08/25,Elephant,madhahalli,mysuru,Karnataka,54yr,Dead,He was attacked while he was on his duty,Guard killed in wild elephant attack at Thalavadi - The Hindu,,,,,,,,,,,,,,,,,,,,,,,,,,,,,,,,,,,,,,,,,,,,,,,12.297519128009256,76.65586432312278,708,538,149,728
112,13/02/25,Elephant,madikeri,kodagu,Karnataka,70yr,Dead,She was trampled to death,Karnataka Elephant Attacks: Three Fatalities Raise Alarm Over Human-Elephant Conflict,,,,,,,,,,,,,,,,,,,,,,,,,,,,,,,,,,,,,,,,,,,,,,,12.382413910833217,75.73399125787967,234,2009,313,1300
113,13/02/25,Elephant,bandipur,mysuru,Karnataka,24yr,Dead,He died in bandipur tiger reserve,Karnataka Elephant Attacks: Three Fatalities Raise Alarm Over Human-Elephant Conflict,,,,,,,,,,,,,,,,,,,,,,,,,,,,,,,,,,,,,,,,,,,,,,,12.330772430317008,76.61592474666485,405,1713,569,1020
117,11-09-25,Elephant,D B kuppe range,mysuru,Karnataka,45yr,Dead,He was on patrol when he was attacked,Karnataka: Forest department daily wager killed in wild elephant attack,,,,,,,,,,,,,,,,,,,,,,,,,,,,,,,,,,,,,,,,,,,,,,,12.295476554155913,76.67725882883441,280,2648,1365,760
118,22/09/25,Elephant,tanera,korba,Chhattisgarh,45yr,Dead,The elephant got hold of him by his trunk and stamped him to death,45-Year-Old Man Killed In Elephant Attack In Chhattisgarh's Korba,,,,,,,,,,,,,,,,,,,,,,,,,,,,,,,,,,,,,,,,,,,,,,,22.30925064860781,82.7270743610116,761,2435,304,675
119,25/09/25,Elephant,bommanampalayam,coimbatore,Tamil nadu,55yr,Dead,He was fatally attacked by a wild elephant while en route to his farm after picking up his two children from tuition.,Farmer killed in elephant attack in Coimbatore,,,,,,,,,,,,,,,,,,,,,,,,,,,,,,,,,,,,,,,,,,,,,,,11.02212682690246,76.90512831335217,587,2969,681,1417
120,14/08/25,Elephant,banshbari line,jalpaiguri,West bengal,60yr,Dead,When she stepped outside her house to answer nature's call,Elephant attack | Two die in elephant attacks in Jalpaiguri - Telegraph India,,,,,,,,,,,,,,,,,,,,,,,,,,,,,,,,,,,,,,,,,,,,,,,26.572767967335842,88.72980766666628,201,690,837,1892
121,14/08/25,Elephant,chanadipa,jalpaiguri,West bengal,50yr,Dead,When he came out of hi house the animal stamped him to death,Elephant attack | Two die in elephant attacks in Jalpaiguri - Telegraph India,,,,,,,,,,,,,,,,,,,,,,,,,,,,,,,,,,,,,,,,,,,,,,,26.491648110671882,88.72961301448218,589,1852,1077,456
123,26/09/25,Elephant,banmandanga,jalpaiguri,West bengal,32yr,Dead,When he stepped out to run and errad the tusker attacked him,Elephant attack | Tragic meet: 32-year-old youth's life ends after wild tusker attacks him at Jalpaiguri - Telegraph India,,,,,,,,,,,,,,,,,,,,,,,,,,,,,,,,,,,,,,,,,,,,,,,26.506343466354206,88.72677764498117,765,2570,1002,919
126,06-08-25,Elephant,chembu,kodagu,Karnataka,72yr,Dead,He was killed outside his house,Farmer killed in wild elephant attack near Madikeri | Mysuru News - Times of India,,,,,,,,,,,,,,,,,,,,,,,,,,,,,,,,,,,,,,,,,,,,,,,12.393003094363246,75.77700753535869,305,2019,443,191
127,31/05/25,Elephant,kunjanaga,jalpaiguri,Odisha,68yr,Dead,"A herd of about 20 elephants entered Kunjanagar village from the forest, and a wild tusker separated and attacked the family.",Baby among 3 of family killed in elephant attack | Kolkata News - Times of India,,,,,,,,,,,,,,,,,,,,,,,,,,,,,,,,,,,,,,,,,,,,,,,26.564184288279563,88.70420746275236,676,2248,612,738
128,31/05/25,Elephant,kunjanaga,jalpaiguri,Odisha,35yr,Dead,"A herd of about 20 elephants entered Kunjanagar village from the forest, and a wild tusker separated and attacked the family.",Baby among 3 of family killed in elephant attack | Kolkata News - Times of India,,,,,,,,,,,,,,,,,,,,,,,,,,,,,,,,,,,,,,,,,,,,,,,26.537199261630924,88.67971411417575,601,1488,992,1712
129,31/05/25,Elephant,kunjanaga,jalpaiguri,Odisha,1month,Dead,"A herd of about 20 elephants entered Kunjanagar village from the forest, and a wild tusker separated and attacked the family.",Baby among 3 of family killed in elephant attack | Kolkata News - Times of India,,,,,,,,,,,,,,,,,,,,,,,,,,,,,,,,,,,,,,,,,,,,,,,26.536523018990103,88.6667841716569,755,1684,263,1122
130,15/06/25,Elephant,jatlapur,chandrapur,Maharastra,60yr,Dead,The victim was attacked by elephant in a forest,Elephant kills elderly farmer in Sindewahi | Nagpur News - Times of India,,,,,,,,,,,,,,,,,,,,,,,,,,,,,,,,,,,,,,,,,,,,,,,20.00787900449718,79.32205759417701,361,312,1076,1571
136,04-05-25,Elephant,kushalnagar,kodagu,Karnataka,--,injured,He was in his van when the elephant atacked him,Elephant attacks van; driver injured | Mysuru News - The Times of India,,,,,,,,,,,,,,,,,,,,,,,,,,,,,,,,,,,,,,,,,,,,,,,12.39331362216936,75.74321929127355,401,1837,1003,977
151,20/07/25,Sloth bear,"Nagarahole

",Mysuru                ,Karnataka,47yr,injured,"The incident occurred when the forest watcher was conducting his regular patroling duties.The watcher suffered severe injuries to his face and upper body duting the encounter with the bear,which gouged one of his eyes.",https://timesofindia.indiatimes.com/city/mysuru/bear-attack-on-watcher-leaves-nagarahole-staff-in-fear/articleshow/122799810.cms,,,,,,,,,,,,,,,,,,,,,,,,,,,,,,,,,,,,,,,,,,,,,,,12.339934510277377,76.65575327782945,469,2241,4,1008
152,25/06/25,Sloth bear,Kanakumbi village,Belagavi,Karnataka,60yr,injured,the bear attacked him when he went to the edge of the forest to graze his cattle,https://www.thehindu.com/news/national/karnataka/farmer-injured-in-bear-attack-in-karnataka/article69735193.ece,,,,,,,,,,,,,,,,,,,,,,,,,,,,,,,,,,,,,,,,,,,,,,,15.868603271620566,74.53214356869033,470,2443,1126,95
154,09-10-23,Sloth bear,Ghosebadruka village,Belagavi,Karnataka,63yr,Dead,"The 63-year-old farmer, Bheekaji Mirashi, was attacked and killed by a bear while he was working in his farm.",https://timesofindia.indiatimes.com/city/hubballi/karnataka-bear-attacks-farmer-working-in-his-farm-drags-body-for-2km/articleshow/104279211.cms,,,,,,,,,,,,,,,,,,,,,,,,,,,,,,,,,,,,,,,,,,,,,,,15.840040770983634,74.44091511460825,655,673,1219,1687
156,13/10/25,Elephant,valparai,coimbatore,Tamil nadu,55yr,Dead,She and her granddaughter were killed in an elephant attack,"Woman, three-year-old granddaughter killed in elephant attack near Valparai - The Hindu",,,,,,,,,,,,,,,,,,,,,,,,,,,,,,,,,,,,,,,,,,,,,,,10.98077829573504,76.99809628023793,661,1066,773,662
157,13/10/25,Elephant,valparai,coimbatore,Tamil nadu,3yr,Dead,She was killed in the attack,"Woman, three-year-old granddaughter killed in elephant attack near Valparai - The Hindu",,,,,,,,,,,,,,,,,,,,,,,,,,,,,,,,,,,,,,,,,,,,,,,10.982421322604463,76.94978196780696,451,930,876,1213
161,17/10/25,Elephant,mahulakholi,dhenkanal,Odisha,65yr,Dead,When she along with her family was walking back to her village,Elderly woman killed in elephant attack in Odishas Dhenkanal - Prameya News,,,,,,,,,,,,,,,,,,,,,,,,,,,,,,,,,,,,,,,,,,,,,,,20.650946729165327,85.59418640567849,495,2099,991,1759
162,13/07/25,Elephant,thokar,dhenkanal,Odisha,80yr,Dead,He was attacked while returning home from his fields,Elephant Attack in Odisha 2025: Hindol Farmer Killed - Pragativadi I Latest Odisha News in English I Breaking News,,,,,,,,,,,,,,,,,,,,,,,,,,,,,,,,,,,,,,,,,,,,,,,20.67722511870483,85.58058101765253,537,2994,883,36
163,02-08-25,Elephant,tangishala ,dhenkanal,Odisha,--,Dead,The farmer was trampled to death by a wild elephant,Farmer trampled to death by elephant in Odishas Dhenkanal; fourth...,,,,,,,,,,,,,,,,,,,,,,,,,,,,,,,,,,,,,,,,,,,,,,,20.63321307422351,85.54622374429053,252,1377,1373,1803
166,11-12-24,Elephant,baghuabol ,angul,Odisha,48yr,Dead,An elephant herd was crossing the road when she was returning home. She stopped the two-wheeler to let the herd cross the road but she was unaware that one tusker was yet to cross it and that tusker attacked and killed her,2 Die In Elephant Attack In Odishas Angul District,,,,,,,,,,,,,,,,,,,,,,,,,,,,,,,,,,,,,,,,,,,,,,,20.806368535105634,85.11567581302786,416,2351,46,1392
167,11-12-24,Elephant,boudabeda,angul,Odisha,60yr,Dead,He was killed by a tusker while he was going to a nearby market early in the morning,2 Die In Elephant Attack In Odishas Angul District,,,,,,,,,,,,,,,,,,,,,,,,,,,,,,,,,,,,,,,,,,,,,,,20.832665621780478,85.17419847123993,387,502,866,1718
168,26/09/25,Elephant,badasahi,angul,Odisha,55yr,Dead,He was attacked while he was collecting mushrooms in a forest near his village ,Odisha: 55-yr-old man killed in elephant attack in Angul - Prameya News,,,,,,,,,,,,,,,,,,,,,,,,,,,,,,,,,,,,,,,,,,,,,,,20.842687247388472,85.178873308963,579,1233,822,1548
169,24/07/25,Elephant,baghadharia,dhenkanal,Odisha,55yr,Dead,"She was plucking flowers near her home when she encountered the elephant, which fatally attacked her on the spot","Three Killed in Elephant Attack in Odisha, Forest Official Suspended - INDIA New England News",,,,,,,,,,,,,,,,,,,,,,,,,,,,,,,,,,,,,,,,,,,,,,,20.597041456498626,85.56300844776348,692,2106,935,278
170,24/07/25,Elephant,baghadharia,dhenkanal,Odisha,60yr,Dead,His wife was attackted by elephant near their home in the attempt to save her he was attacked as well,"Three Killed in Elephant Attack in Odisha, Forest Official Suspended - INDIA New England News",,,,,,,,,,,,,,,,,,,,,,,,,,,,,,,,,,,,,,,,,,,,,,,20.668108477904305,85.59315362983585,240,1732,655,216
171,04-02-25,Elephant,valparai,coimbatore,Tamil nadu,77yr,Dead,A  German tourist lost his life after being attacked by an elephant while travelling on his motorbike through Tiger Valley,77-year-old German tourist killed by charging elephant in Tamil Nadu's Coimbatore | Trending,,,,,,,,,,,,,,,,,,,,,,,,,,,,,,,,,,,,,,,,,,,,,,,11.02238856486033,76.90096588294327,356,2913,268,866
173,22/05/25,Elephant,valparai,coimbatore,Tamil nadu,77yr,Dead,The elephanth entered her kitchen midnight and in her attempt to escape to a neighbhouring house the animal attacked her,Tamil Nadu: Elderly woman dies in Valparai elephant attack,,,,,,,,,,,,,,,,,,,,,,,,,,,,,,,,,,,,,,,,,,,,,,,11.032375779019794,76.94613683678264,214,2305,369,872
174,22/05/25,Elephant,valparai,coimbatore,Tamil nadu,75yr,injured,The elephanth entered her kitchen midnight and in her attempt to escape to a neighbhouring house the animal attacked her and injured her,Tamil Nadu: Elderly woman dies in Valparai elephant attack,,,,,,,,,,,,,,,,,,,,,,,,,,,,,,,,,,,,,,,,,,,,,,,10.99866335192409,76.96670756878505,264,1204,635,1821
176,24/07/25,Elephant,narasipuram,coimbatore,Tamil nadu,51yr,injured,"She had gone to attend nature's call near a thicket, when a wild elephant emerged and attacked her",Woman critically injured in elephant attack in Coimbatore,,,,,,,,,,,,,,,,,,,,,,,,,,,,,,,,,,,,,,,,,,,,,,,10.987452194534194,76.99749125801387,720,453,1129,1296
178,23/01/25,Elephant,dhaliyur,coimbatore,Tamil nadu,69yr,Dead,He was attacked when he went for a walk in the morning near forest,"69-year-old dies in elephant attack Chinna Thadagam in Coimbatore, third this month",,,,,,,,,,,,,,,,,,,,,,,,,,,,,,,,,,,,,,,,,,,,,,,10.995998055011503,76.9052011360426,543,2249,656,1904
181,26/09/25,Elephant,banmandanga,jalpaiguri,West bengal,32yr,Dead,He had stepped out on an errand around 9pm when he came across a wild tusker,Elephant attack | Tragic meet: 32-year-old youth's life ends after wild tusker attacks him at Jalpaiguri - Telegraph India,,,,,,,,,,,,,,,,,,,,,,,,,,,,,,,,,,,,,,,,,,,,,,,26.53337135394678,88.7309785979268,328,2151,119,61
187,14/05/25,Elephant,narasipuram,coimbatore,Tamil nadu,34yr,Dead,He reportedly fell on the road while attempting to escape a wild elephant attack,Man dies while attempting to escape wild elephant attack in Coimbatore | Coimbatore News - Times of India,,,,,,,,,,,,,,,,,,,,,,,,,,,,,,,,,,,,,,,,,,,,,,,10.974680241198925,76.98590839768136,671,1746,830,595
191,22/10/25,leopard,jambut,pune,Maharastra,70yr,Dead,When she stepped outside in the morning sh was attacked by the animal,70-year-old woman killed in leopard attack in Shirur | Hindustan Times,,,,,,,,,,,,,,,,,,,,,,,,,,,,,,,,,,,,,,,,,,,,,,,18.480474222130784,73.86972140373747,262,677,1081,1903
192,23/10/25,leopard,nanheda,bijnor,Uttar pradesh,20yr,Dead,she had gone towards the canal bank to relieve herself when the leopard attacked her,Woman missing after leopard attack in Bijnor field | Meerut News - The Times of India,,,,,,,,,,,,,,,,,,,,,,,,,,,,,,,,,,,,,,,,,,,,,,,29.347102028238414,78.10847350051192,338,636,1369,728
193,13/10/25,leopard,pimparkhed ,pune,Maharastra,5yr,Dead,"When she was carrying water to her grandfather, who was working at the family farm near their house ",Leopard kills 5-year-old girl in Pune; locals seek protection - The Hindu,,,,,,,,,,,,,,,,,,,,,,,,,,,,,,,,,,,,,,,,,,,,,,,18.499056826106703,73.88606854576527,698,1698,740,1365
197,25/06/25,leopard,jugunpur,kheri,Uttar pradesh,35yr,injured,The animal suddenly leapt out and attacked him and instead of running away he fought with the animal,"Watch: Leopard Attacks worker in UP, man fights it off with bare hands | - Times of India",,,,,,,,,,,,,,,,,,,,,,,,,,,,,,,,,,,,,,,,,,,,,,,27.965020060944983,80.77432331846046,792,1493,1497,396
200,15/08/25,leopard,karwadi,Nashik,Maharastra,30yr,injured,He was on his way to his farm around 8am when the leopard attacked him,Leopard attacks farmer in Sinnar | Nashik News - Times of India,,,,,,,,,,,,,,,,,,,,,,,,,,,,,,,,,,,,,,,,,,,,,,,19.99287244646964,73.82424060720905,591,1495,116,698
203,13/10/25,leopard,sujan Pur,reasi,Jammu & kashmir,6yr,Dead,The boy was attacked while grazing his sheep in the area,South Kashmir: Leopard Kills Six-Year-Old Boy | Kashmir Life,,,,,,,,,,,,,,,,,,,,,,,,,,,,,,,,,,,,,,,,,,,,,,,33.10918153250023,74.87573073859781,618,153,790,1042
204,26/10/25,Tiger,saragur,mysuru,Karnataka,54yr,Dead,"He was killed by the tiger when he was herding his cattle at Mulluru, bordering the Reserve",https://www.thehindu.com/news/national/karnataka/farmer-killed-in-tiger-attack-in-sargur/article70204719.ece,,,,,,,,,,,,,,,,,,,,,,,,,,,,,,,,,,,,,,,,,,,,,,,12.245325323484874,76.64957225954298,488,303,1150,176
205,25/10/25,Tiger,dharmapur,bahraich,Uttar pradesh,40yr,injured,She  was working in the fields when the tiger sprang from a nearby bush and attacked her. ,Tiger attacks woman in Uttar Pradeshs Katarniaghat Wildlife Sanctuary - The Hindu,,,,,,,,,,,,,,,,,,,,,,,,,,,,,,,,,,,,,,,,,,,,,,,27.551854155568854,81.61841250989718,578,2607,1416,1635
206,19/10/25,Tiger,chakpipri,bahraich,Uttar pradesh,45yr,Dead,The farmer killed by a tiger,"Tigers kill 4 humans in 8 days in Chandrapur district, villagers up in arms | Nagpur News - The Times of India",,,,,,,,,,,,,,,,,,,,,,,,,,,,,,,,,,,,,,,,,,,,,,,27.554040737833375,81.61237750150754,689,1546,1012,395
207,26/10/25,Tiger,chimur,chandrapur,Maharastra,60yr,Dead,He had gone to his farm in the Doma forest beat for crop inspection where he was attacked by a tiger,"Tigers kill 4 humans in 8 days in Chandrapur district, villagers up in arms | Nagpur News - The Times of India",,,,,,,,,,,,,,,,,,,,,,,,,,,,,,,,,,,,,,,,,,,,,,,19.967220453762454,79.2658174914761,430,148,1081,444
208,25/10/25,Tiger,akapur,chandrapur,Maharastra,58yr,Dead,He was killed in his field,https://timesofindia.indiatimes.com/city/nagpur/tiger-kills-farmer-in-farm-villagers-confront-foresters/articleshow/124817699.cms?utm_source=chatgpt.com,,,,,,,,,,,,,,,,,,,,,,,,,,,,,,,,,,,,,,,,,,,,,,,19.981585500053118,79.30334227560044,240,2250,633,1256
209,26/10/25,Tiger,ganeshpipri,chandrapur,Maharastra,45yr,Dead,She was mauled to death,https://timesofindia.indiatimes.com/city/nagpur/tiger-kills-woman-in-chandrapur-second-attack-within-a-week/articleshow/124834164.cms,,,,,,,,,,,,,,,,,,,,,,,,,,,,,,,,,,,,,,,,,,,,,,,19.99741233424614,79.30113473932079,227,1934,512,1938
210,26/10/25,Tiger,sujali,bahraich,Uttar pradesh,21yr,Dead,He was collecting turmeric from a near by canal when a tiger emerged and attacked him,"Bahraich-UP-Animal attacks | Tiger kills 21 year old man in UPs Bahraich, second attack in Katarniaghat in two days - Telegraph India",,,,,,,,,,,,,,,,,,,,,,,,,,,,,,,,,,,,,,,,,,,,,,,27.611155546203147,81.59794424380462,334,1969,801,75
211,07-10-25,leopard,khambhar khera,kheri,Uttar pradesh,8yr,Dead,She was in a sugarcane field near her home when the leopard attacked her,"Leopard kills girl in Kheri, tiger attacks 2 bikers in Pilibhit | Bareilly News - The Times of India",,,,,,,,,,,,,,,,,,,,,,,,,,,,,,,,,,,,,,,,,,,,,,,27.897224551728385,80.72237753650143,400,927,1119,264
212,08-08-25,Tiger,madhotanda,pilibhit,Uttar pradesh,--,injured,"A tiger mauled two bikers on Pilibhit-Madhotanda road, leaving one of them seriously injuried","Leopard kills girl in Kheri, tiger attacks 2 bikers in Pilibhit | Bareilly News - The Times of India",,,,,,,,,,,,,,,,,,,,,,,,,,,,,,,,,,,,,,,,,,,,,,,28.650947371208314,79.83272593229434,232,387,1141,454
213,08-08-25,Tiger,girijapuri,bahraich,Uttar pradesh,60yr,injured,She and her niece was attacked by the tiger,"UP: Tiger injures woman, her niece, reappears to attack bank employee; alert issued | Lucknow News - The Times of India",,,,,,,,,,,,,,,,,,,,,,,,,,,,,,,,,,,,,,,,,,,,,,,27.559872292307126,81.62413803825159,247,2919,559,1819
214,08-08-25,Tiger,girijapuri,bahraich,Uttar pradesh,10yr,injured,She was attacked by the tiger along her grandmother,"UP: Tiger injures woman, her niece, reappears to attack bank employee; alert issued | Lucknow News - The Times of India",,,,,,,,,,,,,,,,,,,,,,,,,,,,,,,,,,,,,,,,,,,,,,,27.5982305820534,81.567451084856,702,1006,487,717
215,08-08-25,Tiger,bichhiya,bahraich,Uttar pradesh,55yr,injured,The tiger attacked the man and disappeared,"UP: Tiger injures woman, her niece, reappears to attack bank employee; alert issued | Lucknow News - The Times of India",,,,,,,,,,,,,,,,,,,,,,,,,,,,,,,,,,,,,,,,,,,,,,,27.58750619356377,81.57014855648258,606,1754,1260,734
217,19/09/25,Tiger,bichhiya,bahraich,Uttar pradesh,--,injured,"He was riding his bike and as he reached the stretch between Bichhia and Girijapur, a tiger attacked him ",Two injured in separate tiger attacks in Bahraich | Lucknow News - The Times of India,,,,,,,,,,,,,,,,,,,,,,,,,,,,,,,,,,,,,,,,,,,,,,,27.613965575982732,81.60579071650417,773,210,896,1407
218,19/09/25,Tiger,bichhiya,bahraich,Uttar pradesh,--,injured,He was riding his bike when the tiger attacked him,Two injured in separate tiger attacks in Bahraich | Lucknow News - The Times of India,,,,,,,,,,,,,,,,,,,,,,,,,,,,,,,,,,,,,,,,,,,,,,,27.54913995366358,81.61892767856175,298,1653,1295,1587
220,16/10/25,Tiger,badagalapura,mysuru,Karnataka,34yr,injured," A tiger burst out of the bushes, its powerful stride tearing through the field, sending men scrambling up trees in sheer terror",It came out of the bushes like fire: Tiger attack caught on cam leaves Mysuru farmer fighting for life,,,,,,,,,,,,,,,,,,,,,,,,,,,,,,,,,,,,,,,,,,,,,,,12.338526692563947,76.64736095641157,746,2898,1212,850
222,23/10/25,Elephant,kadamparai,coimbatore,Tamil nadu,37yr,injured,"The man was returning back home,When he reached near Soodakkadu under the Kadamparai forest area, an elephant from a herd attacked him",Wild elephant attacks tribal man in Valparai | Coimbatore News - The Times of India,,,,,,,,,,,,,,,,,,,,,,,,,,,,,,,,,,,,,,,,,,,,,,,10.982323308215962,76.94886914880317,661,447,703,1529
229,06-04-23,Elephant,boluvampatti,coimbatore,Tamil nadu,40yr,Dead,He  was killed in an elephant attack near the reserve forest in Boluvampatti forest range,Man Killed In Elephant Attack | Coimbatore News - Times of India,,,,,,,,,,,,,,,,,,,,,,,,,,,,,,,,,,,,,,,,,,,,,,,10.975874154342032,76.90040333340272,204,1350,1470,1390
231,21/01/23,leopard,horalahalli,mysuru,Karnataka,11yr,Dead,He was attacked by the leopard when he went with him family to guard the maze field,Mysuru: Boy killed in suspected leopard attack in T.Narsipura taluk - The Hindu,,,,,,,,,,,,,,,,,,,,,,,,,,,,,,,,,,,,,,,,,,,,,,,12.334792461695367,76.66415243101885,417,865,580,143
232,11-4-23,Tiger,lakhimpur,kheri,Uttar pradesh,16yr,injured,He was grazing his goats near the Mohammadi forest range when a tiger attacked him,16-year-old boy injured in tiger attack in Lakhimpur Kheri | Lucknow News - Times of India,,,,,,,,,,,,,,,,,,,,,,,,,,,,,,,,,,,,,,,,,,,,,,,27.890249057388942,80.77761593598579,702,1577,789,884
236,30/04/23,Tiger,bojhwa,kheri,Uttar pradesh,45yr,Dead,"He was working in his sugarcane field when the tiger pounced on him, causing severe injuries on his neck","UP Tiger Attack: Sixth tiger attack in UP's Lakhimpur Kheri in 22 days; farmer, 45, critical | Bareilly News - Times of India",,,,,,,,,,,,,,,,,,,,,,,,,,,,,,,,,,,,,,,,,,,,,,,27.918571321509095,80.80996429460502,597,1969,860,1092
238,23/04/23,Tiger,sahen khera,kheri,Uttar pradesh,18yr,Dead,He was mauled to death by the animal,"UP Tiger Attack: Sixth tiger attack in UP's Lakhimpur Kheri in 22 days; farmer, 45, critical | Bareilly News - Times of India",,,,,,,,,,,,,,,,,,,,,,,,,,,,,,,,,,,,,,,,,,,,,,,27.956484304805322,80.75138251649953,592,1465,246,1122
241,24/11/23,Tiger,balluru hundi,mysuru,Karnataka,50yr,Dead,He was attacked by a tiger,Tiger devours man in Bandipur reserve,,,,,,,,,,,,,,,,,,,,,,,,,,,,,,,,,,,,,,,,,,,,,,,12.326747026307537,76.59716449397263,406,1208,1099,395
243,31/10/23,Tiger,hullahalli,mysuru,Karnataka,55yr,Dead,He was attacked by a tiger,Tiger devours man in Bandipur reserve,,,,,,,,,,,,,,,,,,,,,,,,,,,,,,,,,,,,,,,,,,,,,,,12.294947568419447,76.5998411173484,214,1268,153,1048
248,13/02/23,Tiger,hulikal,kodagu,Karnataka,70yr,Dead,He had stepped out of his home when he was attacked,"Man, grandson killed within 12 hours in separate tiger attacks in Kodagu district of Karnataka - The Hindu",,,,,,,,,,,,,,,,,,,,,,,,,,,,,,,,,,,,,,,,,,,,,,,12.394317648312635,75.72788961070052,753,450,1458,947
249,12-02-23,Tiger,hulikal,kodagu,Karnataka,18yr,Dead,He was attacked by a tiger,Tiger that had claimed 2 lives captured in Kodagu,,,,,,,,,,,,,,,,,,,,,,,,,,,,,,,,,,,,,,,,,,,,,,,12.392654369211613,75.77881108536889,660,689,996,890
254,09-10-25,Elephant,rampur,korba,Chhattisgarh,58yr,Dead,He  man was trampled to death by a herd of wild elephants ,Elephants Trample 58-Year-Old Man To Death In Chhattisgarh's Korba,,,,,,,,,,,,,,,,,,,,,,,,,,,,,,,,,,,,,,,,,,,,,,,22.304414500553232,82.72963849535543,774,2785,1109,1492
262,01-12-22,leopard,narasipura,mysuru,Karnataka,22yr,Dead,She was killed by a leopard,"Karnataka: Despite Reports of Man-Animal Conflict, Govt Struggles for Solutions",,,,,,,,,,,,,,,,,,,,,,,,,,,,,,,,,,,,,,,,,,,,,,,12.32706335621361,76.65055125761617,440,509,696,1507
266,03-11-25,leopard,shirur,pune,Maharastra,13yr,Dead,The leopard was hiding in a sugarcane field and attacked the boy while he was playing,"Pune: 13-year-old killed in leopard attack; villagers torch forest department office, block highway | Maharashtra News  India TV",,,,,,,,,,,,,,,,,,,,,,,,,,,,,,,,,,,,,,,,,,,,,,,18.554086261078552,73.8091378648059,763,1004,1308,1588
267,25/04/25,leopard,vanarwadi,Nashik,Maharastra,20yr,Dead,She had gone to cut fodder for the cattle near her familys settlement when the leopard attacked,Nashik: 20-Year-Old Woman Killed in Leopard Attack in Dindori Taluka - www.lokmattimes.com,,,,,,,,,,,,,,,,,,,,,,,,,,,,,,,,,,,,,,,,,,,,,,,19.999840080642954,73.74112953191586,295,519,1243,1174
269,06-11-23,leopard,valparai,coimbatore,Tamil nadu,7yr,injured,The boy was attacked by a leopard,Leopard mauls seven-year-old boy at Valparai - The Hindu,,,,,,,,,,,,,,,,,,,,,,,,,,,,,,,,,,,,,,,,,,,,,,,10.971114007831684,76.92749175109934,684,1095,1092,1167
275,02-07-23,leopard,dhura,champawat,Uttarakhand,--,Dead,The leopard attacked some women who were going to a forest to collect fodder for their livestock,"Leopard attacks, drags woman's body into forest in Uttarakhand - India Today",,,,,,,,,,,,,,,,,,,,,,,,,,,,,,,,,,,,,,,,,,,,,,,29.293877288541346,80.09728611089834,606,2847,1070,568
283,24/12/22,Tiger,ramnagar,nainital,Uttarakhand,--,Dead,A tiger attacked three local men drinking in the Corbett-Ramnagar forest area killing one of them.,Corbett: Jim Corbett Tiger Attack: Tiger on prowl kills one of three men drinking in Jim Corbett | Dehradun News - Times of India,,,,,,,,,,,,,,,,,,,,,,,,,,,,,,,,,,,,,,,,,,,,,,,29.42036669685869,79.50523028927232,430,1743,1008,1062
284,24/05/22,Tiger,talodhi,chandrapur,Maharastra,50yr,Dead,She had gone to collect tendu leaves in the forest under t ange was killed by a tiger,Tiger kills couple in Talodhi forest | Nagpur News - Times of India,,,,,,,,,,,,,,,,,,,,,,,,,,,,,,,,,,,,,,,,,,,,,,,20.00428573512368,79.25251378382224,370,2135,93,108
289,01-05-22,leopard,durgapur,chandrapur,Maharastra,47yr,Dead,A woman was killed by a leopard in the front yard of her house in Durgapur village,"Leopard kills woman in Durgapur, shepherd dies in tiger attack | Nagpur News - Times of India",,,,,,,,,,,,,,,,,,,,,,,,,,,,,,,,,,,,,,,,,,,,,,,19.95966353837314,79.28636381551313,740,2327,957,1716
290,30/04/22,Tiger,maroda,chandrapur,Maharastra,60yr,Dead,He had taken his oxen for grazing to his farm near the village when the attacked happened,"Leopard kills woman in Durgapur, shepherd dies in tiger attack | Nagpur News - Times of India",,,,,,,,,,,,,,,,,,,,,,,,,,,,,,,,,,,,,,,,,,,,,,,19.98760896734799,79.28817986078933,235,612,1011,1065
293,14/05/25,Tiger,karbada,chandrapur,Maharastra,54yr,Dead,"The woman went ?into the forest near Karbada village to collect tendu leaves,when a tiger tiger hiding in the bushes suddenly pounced on her","Tiger mauls another woman in Chandrapur, sixth death in five days | Mumbai news",,,,,,,,,,,,,,,,,,,,,,,,,,,,,,,,,,,,,,,,,,,,,,,19.926857936926112,79.32110654785296,724,2535,452,1209
295,19/09/24,Tiger,mul,chandrapur,Maharastra,--,Dead,He s had gone to forests for grazing cattle when a lurking tiger suddenly attacked and killed him,Tiger kills shepherd in Chandrapur district; 6th such incident in two months,,,,,,,,,,,,,,,,,,,,,,,,,,,,,,,,,,,,,,,,,,,,,,,19.942278200109637,79.29558434491646,359,1849,1227,934
296,15/05/24,Tiger,khangao,chandrapur,Maharastra,33yr,Dead,"During an overnight vigil on standing crop, the farmer fell prey to a tiger, which dragged his dismembered body to an adjacent jungle","Tiger: Tiger devours Chimur farmer, 9th in Chandrapur this year | Nagpur News - Times of India",,,,,,,,,,,,,,,,,,,,,,,,,,,,,,,,,,,,,,,,,,,,,,,19.969480167364434,79.2796693659824,442,2124,911,397
297,14/03/24,Tiger,ballapur range,chandrapur,Maharastra,58yr,Dead,The incident took place in forest area number 494 in Ballarpur range when the victim had gone to collect wood,58-Year-Old Man Killed In Tiger Attack In Maharashtra,,,,,,,,,,,,,,,,,,,,,,,,,,,,,,,,,,,,,,,,,,,,,,,19.916107936104485,79.31534215381294,285,275,217,1246
298,11-08-24,Tiger,pench,seoni,Madhya pradesh,--,injured,While he was guiding the livestock he was attacked,Pench Tiger Reserve: How a Man Survived a Tiger Attack,,,,,,,,,,,,,,,,,,,,,,,,,,,,,,,,,,,,,,,,,,,,,,,22.092831179851352,79.55874917692174,777,847,473,633
301,23-03-2024,Sloth Bear,Anakapalle,Srikakulam,Andhra Pradesh,50yr,Dead,Two farmers were attacked while working in a cashew orchard. One victim was dragged from a tractor by the bear.,https://www.newindianexpress.com/states/andhra-pradesh/2024/Mar/24/sloth-bear-mauls-two-ryots-to-death-in-andhra-pradeshs-srikakulam,,,,,,,,,,,,,,,,,,,,,,,,,,,,,,,,,,,,,,,,,,,,,,,18.294907504248897,83.8692912039512,756,2381,431,1156
304,27-08-2025,Sloth Bear,Turunga,Jajpur,Odisha,27yr,Dead,Victim was attacked while attending to nature's call in a forest patch. He succumbed to injuries days later in Sept 2025.,https://timesofindia.indiatimes.com/city/bhubaneswar/man-from-jajpur-district-dies-days-after-getting-injured-in-sloth-bear-attack/articleshow/123837806.cms,,,,,,,,,,,,,,,,,,,,,,,,,,,,,,,,,,,,,,,,,,,,,,,20.897990023474062,86.29012554852216,773,2976,340,1186
306,27-07-2025,Sloth Bear,Yelagiri Hills (12th Hairpin Bend),Tirupattur,Tamil nadu,50yr,injured,A coconut trader riding a two-wheeler hit a bear crossing the road at a hairpin bend and was attacked in defense.,https://www.thehindu.com/news/national/tamil-nadu/sloth-bear-attacks-motorist-in-yelagiri-hills-forest-officials-issue-guidelines/article69858382.ece,,,,,,,,,,,,,,,,,,,,,,,,,,,,,,,,,,,,,,,,,,,,,,,12.530939425260271,78.52254044522695,227,1009,550,1238
308,16-09-2025,Sloth Bear,Khanua-Jamgadi,Singrauli,Madhya Pradesh,45yr,Dead,Victim (Guest Teacher) was grazing goats in the forest when attacked. Another man (45) tried to save him and was also killed.,https://www.newindianexpress.com/nation/2025/Sep/20/female-sloth-bear-that-killed-two-men-in-singrauli-found-dead-forensic-analysis-ordered-to-determine-cause,,,,,,,,,,,,,,,,,,,,,,,,,,,,,,,,,,,,,,,,,,,,,,,24.1671387768793,82.68057211319814,755,1554,1312,732
316,24-03-2024,Sloth Bear,Anakapalle,Srikakulam,Andhra Pradesh,50yr,Dead,Couple working in cashew orchard attacked. Neighbor on tractor tried to intervene and was dragged off and killed.,https://www.newindianexpress.com/states/andhra-pradesh/2024/Mar/24/sloth-bear-mauls-two-ryots-to-death-in-andhra-pradeshs-srikakulam,,,,,,,,,,,,,,,,,,,,,,,,,,,,,,,,,,,,,,,,,,,,,,,18.306081000986858,83.92608657814029,539,502,1277,234
317,24-03-2024,Sloth Bear,Anakapalle,Srikakulam,Andhra Pradesh,45yr,Dead,Couple working in cashew orchard attacked. Neighbor on tractor tried to intervene and was dragged off and killed.,https://www.newindianexpress.com/states/andhra-pradesh/2024/Mar/24/sloth-bear-mauls-two-ryots-to-death-in-andhra-pradeshs-srikakulam,,,,,,,,,,,,,,,,,,,,,,,,,,,,,,,,,,,,,,,,,,,,,,,18.321248016756027,83.88200211043343,530,865,356,1866
318,15-07-2025,Sloth Bear,Antharasanthe Range,Mysuru,Karnataka,47yr,injured,Forest watcher attacked on face and head while patrolling in Nagarahole Tiger Reserve,https://www.deccanherald.com/india/karnataka/bear-attacks-forest-watcher-in-nagarahole-tiger-reserve-3632115,,,,,,,,,,,,,,,,,,,,,,,,,,,,,,,,,,,,,,,,,,,,,,,12.279500899837531,76.58111746472672,705,708,22,657
319,12-07-2025,Sloth Bear,Ryavanaki,Koppal,Karnataka,60yr,injured,Victim attacked by a mother bear with two cubs while working in his farm near a residential school,https://timesofindia.indiatimes.com/city/hubballi/bear-attacks-farmer-in-koppal-village/articleshow/122408880.cms,,,,,,,,,,,,,,,,,,,,,,,,,,,,,,,,,,,,,,,,,,,,,,,15.381443508912357,76.18415493300492,547,596,521,750
320,02-12-2024,Sloth Bear,Mana (Khanapur),Belagavi,Karnataka,62yr,injured,Farmer attacked while walking to his field with his wife. He fought the bear with a machete but lost his leg,https://www.thehindu.com/news/national/karnataka/farmer-injured-in-bear-attack-in-belagavi-forest/article68941352.ece,,,,,,,,,,,,,,,,,,,,,,,,,,,,,,,,,,,,,,,,,,,,,,,15.8519727520616,74.48899645421304,672,1265,1123,587
321,25-08-2024,Sloth Bear,Thimlapura,Shivamogga,Karnataka,35yr,injured,Two villagers suffered minor injuries in attacks leading up to the capture of the bear by forest officials.,https://www.thehindu.com/news/national/karnataka/forest-dept-officials-capture-sloth-bear-in-thimlapura-in-bhadravati-taluk/article68565663.ece,,,,,,,,,,,,,,,,,,,,,,,,,,,,,,,,,,,,,,,,,,,,,,,13.871475755878361,75.55122681399745,430,66,801,1032
322,25-08-2024,Sloth Bear,Thimlapura,Shivamogga,Karnataka,35yr,injured,Two villagers suffered minor injuries in attacks leading up to the capture of the bear by forest officials.,https://www.thehindu.com/news/national/karnataka/forest-dept-officials-capture-sloth-bear-in-thimlapura-in-bhadravati-taluk/article68565663.ece,,,,,,,,,,,,,,,,,,,,,,,,,,,,,,,,,,,,,,,,,,,,,,,13.872336644543124,75.59473690250256,389,1293,1203,1097
323,13-05-2024,Sloth Bear,Chilakamukhi,Koppal,Karnataka,,Dead,Report confirms two people were killed in Koppal district in the preceding month (April 2024).,https://www.deccanherald.com/elections/karnataka/sloth-bear-leopard-attacks-scare-daylights-out-of-farmers-in-3-districts-of-karnataka-3021062,,,,,,,,,,,,,,,,,,,,,,,,,,,,,,,,,,,,,,,,,,,,,,,15.321788176459249,76.13386365351232,424,2255,1246,953
324,13-05-2024,Sloth Bear,Chilakamukhi,Koppal,Karnataka,,Dead,Report confirms two people were killed in Koppal district in the preceding month (April 2024).,https://www.deccanherald.com/elections/karnataka/sloth-bear-leopard-attacks-scare-daylights-out-of-farmers-in-3-districts-of-karnataka-3021062,,,,,,,,,,,,,,,,,,,,,,,,,,,,,,,,,,,,,,,,,,,,,,,15.32239789484457,76.13103494214677,584,2574,761,491
326,18-01-2025,Sloth Bear,Korar Forest,Kanker,Chhattisgarh,45yr,Dead,A father and son were killed. The son was attacked first; the father climbed a tree but was dragged down by the bear.,https://timesofindia.indiatimes.com/city/raipur/rabid-sloth-bear-kills-father-son-duo-injures-forest-ranger-in-kanker/articleshow/117436812.cms,,,,,,,,,,,,,,,,,,,,,,,,,,,,,,,,,,,,,,,,,,,,,,,20.293035185072732,81.44020272171869,576,1119,441,912
327,18-01-2025,Sloth Bear,Korar Forest,Kanker,Chhattisgarh,65yr,Dead,A father and son were killed. The son was attacked first; the father climbed a tree but was dragged down by the bear.,https://timesofindia.indiatimes.com/city/raipur/rabid-sloth-bear-kills-father-son-duo-injures-forest-ranger-in-kanker/articleshow/117436812.cms,,,,,,,,,,,,,,,,,,,,,,,,,,,,,,,,,,,,,,,,,,,,,,,20.24016749031352,81.48701546932989,482,2615,768,1276
328,16-09-2025,Sloth Bear,Khanua-Jamgadi,Singrauli,Madhya pradesh,45yr,Dead,A guest teacher grazing goats was attacked. A rescuer tried to save him but was also mauled to death.,https://www.newindianexpress.com/nation/2025/Sep/20/female-sloth-bear-that-killed-two-men-in-singrauli-found-dead-forensic-analysis-ordered-to-determine-cause,,,,,,,,,,,,,,,,,,,,,,,,,,,,,,,,,,,,,,,,,,,,,,,24.164730555629813,82.70258228021099,458,2196,1015,1253
329,16-09-2025,Sloth Bear,Khanua-Jamgadi,Singrauli,Madhya pradesh,45yr,Dead,A guest teacher grazing goats was attacked. A rescuer tried to save him but was also mauled to death.,https://www.newindianexpress.com/nation/2025/Sep/20/female-sloth-bear-that-killed-two-men-in-singrauli-found-dead-forensic-analysis-ordered-to-determine-cause,,,,,,,,,,,,,,,,,,,,,,,,,,,,,,,,,,,,,,,,,,,,,,,24.201224771943114,82.67459182438384,558,1818,1348,1542
332,27-08-2025,Sloth Bear,Turunga,Jajpur,Odisha,27yr,Dead,Victim attacked while attending nature's call in a forest patch. Succumbed to injuries later,https://timesofindia.indiatimes.com/city/bhubaneswar/man-from-jajpur-district-dies-days-after-getting-injured-in-sloth-bear-attack/articleshow/123837806.cms,,,,,,,,,,,,,,,,,,,,,,,,,,,,,,,,,,,,,,,,,,,,,,,20.879803638623834,86.3681486369431,655,1110,515,1197
333,28-01-2023,Sloth Bear,Naliadaba,Jajpur,Odisha,65yr,injured,Elderly man fought off a bear with a bamboo stick for several minutes and survived,https://timesofindia.indiatimes.com/city/bhubaneswar/man-fights-off-sloth-bear-with-bamboo-stick-in-odisha/articleshow/97434803.cms,,,,,,,,,,,,,,,,,,,,,,,,,,,,,,,,,,,,,,,,,,,,,,,20.821449708487506,86.29204827348454,610,2377,1039,1676
334,27-10-2024,Sloth Bear,Bijora,Balaghat,Madhya Pradesh,,Animal Deceased,"Bear died after biting a ""crude bomb"" (meat coated explosive) meant for wild boars.",https://timesofindia.indiatimes.com/city/bhopal/tragic-death-of-sloth-bear-after-consuming-crude-bomb-in-balaghat-forest/articleshow/114634280.cms,,,,,,,,,,,,,,,,,,,,,,,,,,,,,,,,,,,,,,,,,,,,,,,21.822754304598345,80.20874732730839,517,2594,791,1191
336,05-12-2024,Sloth Bear,Maan,Belagavi,Karnataka,63yr,injured,Farmer grievously injured while walking to his fields near the Goa-Karnataka border.,https://timesofindia.indiatimes.com/city/goa/sloth-bear-mauls-man-on-goa-ktaka-border/articleshow/116018055.cms,,,,,,,,,,,,,,,,,,,,,,,,,,,,,,,,,,,,,,,,,,,,,,,15.802610956422114,74.52028912196016,424,351,335,169
337,17-12-2023,Sloth Bear,Kanha Tiger Reserve,Balaghat,Madhya Pradesh,30yr,injured,A forest guard and a watcher were attacked on patrol. The watcher was mauled while trying to save the guard.,https://indianmasterminds.com/news/sloth-bear-attacks-forest-staff-in-kanha-tiger-reserve-guard-watcher-hospitalised/,,,,,,,,,,,,,,,,,,,,,,,,,,,,,,,,,,,,,,,,,,,,,,,21.85855432128145,80.20911524768006,433,230,257,1416
338,17-12-2023,Sloth Bear,Kanha Tiger Reserve,Balaghat,Madhya Pradesh,40yr,injured,A forest guard and a watcher were attacked on patrol. The watcher was mauled while trying to save the guard.,https://indianmasterminds.com/news/sloth-bear-attacks-forest-staff-in-kanha-tiger-reserve-guard-watcher-hospitalised/,,,,,,,,,,,,,,,,,,,,,,,,,,,,,,,,,,,,,,,,,,,,,,,21.809539259416592,80.14990818921657,573,656,496,945
343,18-12-2021,Sloth Bear,Upper Sholayar Dam,Coimbatore,Tamil nadu,16yr,injured,A teenager ventured out of his quarters at 10:45 PM and was attacked by a bear near the dam,https://www.thehindu.com/news/cities/Coimbatore/boy-injured-in-sloth-bear-attack-near-valparai/article37990217.ece,,,,,,,,,,,,,,,,,,,,,,,,,,,,,,,,,,,,,,,,,,,,,,,10.999588130388881,76.93762887845287,671,749,895,794
15-12-1900,05-03-2021,Sloth Bear,Forest Area,Chandrapur,Maharashtra,,injured,A complex conflict event involving both a tiger (killed one) and a sloth bear (injured two) in the same area.,https://www.ndtv.com/topic/sloth-bear-attack,,,,,,,,,,,,,,,,,,,,,,,,,,,,,,,,,,,,,,,,,,,,,,,20.0012065252179,79.28618409521731,432,1042,159,633
